{
    "combined_score": -0.014977523800312488,
    "indivisual_companie_scores": {
        "AMZN": -0.242411201862043,
        "DD": -1.1136795604020875,
        "WAB": -0.1277612380597155,
        "USB": -1.1143574187457723,
        "CBOE": -0.16350859900025638,
        "NBL": -0.38862337205307096,
        "DTV": -0.3580011173559897,
        "ELV": -0.9275635034761687,
        "BJS": 0.8615156816827977,
        "UA": -0.21299536341030278,
        "JCI": 1.528064946608029,
        "FIS": -0.9832483714113078,
        "SCHW": -0.3418116784434898,
        "PCP": 0.0,
        "AJG": 0.35338242172287065,
        "DHR": -0.5486186470755852,
        "BK": -3.191671011429313,
        "GNW": -1.377370797313699,
        "MPC": 2.130655454489496,
        "FDC": 0.07074424177459687,
        "OKE": 1.8421801208308732,
        "DIS": 0.7833075997827279,
        "DOW": -0.7581268323311938,
        "DPZ": 2.7280515909011918,
        "BHI": -1.9204319740001252,
        "GNRC": 0.5340792895117332,
        "IRM": -0.5862507130484713,
        "KBH": -2.42347476382331,
        "FII": -2.212058761377897,
        "CBRE": 1.1065857507009735,
        "GRN": -0.47132513854483227,
        "TSG": -0.07625865616255742,
        "PG": -0.36582205621666974,
        "QRVO": 1.2614063073670665,
        "NYT": 0.20836145985536958,
        "R": 0.8032548238798299,
        "WTW": -0.08879631166793711,
        "PSX": 1.8213270023400976,
        "LUK": 1.5122832848187115,
        "MAR": -1.3865271177097018,
        "OI": -0.1342518769023482,
        "DXC": -1.1020669131653196,
        "NEM": 0.4134453176387497,
        "EVRG": -0.5281642636399916,
        "COL": 2.0285927719754184,
        "BRK.B": -1.6682776364313245,
        "JBHT": -2.8084209213511095,
        "DPS": 0.29498181160015413,
        "TECH": 0.2341223348809902,
        "HSIC": -0.2904493424379541,
        "ODP": 3.9358626187175467,
        "CF": -0.17381794960496033,
        "BAX": -1.2918720041360938,
        "COR": 2.448277955824374,
        "ROL": -1.9109559448795281,
        "AAL": 3.3517762565406994,
        "XTO": -1.7399536804597393,
        "WCG": 0.36296895272718094,
        "MDLZ": -1.3906992511361094,
        "ADP": -0.0534059204298947,
        "CB": -3.0656292432483925,
        "PFE": 0.7893587552891179,
        "JNJ": -0.8874221346998112,
        "XYL": 0.14576684983783078,
        "CFN": -0.047815022330145784,
        "TGT": -0.49104605585715877,
        "MTD": 1.3303460598093855,
        "BKNG": 6.253602397915431,
        "IDXX": -0.66365896123505,
        "V": -1.6315695645327084,
        "DVA": -1.8035424344257294,
        "MO": 0.8086374967322915,
        "ODFL": -2.7803569360920215,
        "SNI": 0.4422074038469502,
        "KSS": 0.9296509204472608,
        "DYN": 2.6361180107739686,
        "RAI": 1.9730962203517732,
        "SEE": -0.492657749413264,
        "WDC": 0.7934854967945937,
        "TFX": 0.8931215703571898,
        "CELG": 0.2106098628075389,
        "OXY": -1.3162143850131658,
        "PCLN": 3.181044930507182,
        "CARR": 0.4923451303237304,
        "ED": -0.8316066361752978,
        "EBAY": -0.7100518900818952,
        "GL": -1.3702374368226409,
        "MHS": 0.4675560536694791,
        "EXPD": -3.3466613493088526,
        "SVU": 1.3592730231980417,
        "CTX": -0.3167683005362913,
        "ARNC": -0.4711123591936968
    },
    "execution_time_mean": 0.003582840885501355,
    "execution_time_std": 0.0020436848672907926,
    "num_valid_runs": 99,
    "num_invalid_runs": 1,
    "all_validation_errors": [
        "The Series cannot be empty or contain only NaNs."
    ]
}