{
    "combined_score": 0.9912381256592095,
    "c1": 1.5185997486114502,
    "loss": 1.5185997486114502,
    "n_points": 600,
    "execution_time_mean": 3.685883824946359,
    "execution_time_std": 0.0,
    "num_valid_runs": 1,
    "num_invalid_runs": 0,
    "all_validation_errors": []
}